{
  "generated_at": "2026-05-11T20:52:30.671Z",
  "k": 8,
  "doc_cluster_map": {
    "ks_001": 2,
    "ks_002": 4,
    "ks_003": 1,
    "ks_004": 0,
    "ks_005": 0,
    "ks_006": 7,
    "ks_007": 7,
    "ks_008": 5,
    "ks_009": 4,
    "ks_010": 6,
    "ks_011": 5,
    "ks_012": 4,
    "ks_013": 2,
    "ks_014": 6,
    "ks_015": 5,
    "ks_016": 5,
    "ks_017": 1,
    "ks_018": 5,
    "ks_019": 3,
    "ks_020": 3,
    "ks_021": 3,
    "ks_022": 1,
    "ks_023": 3,
    "ks_024": 6,
    "ks_025": 3,
    "ks_026": 6,
    "ks_027": 6,
    "ks_028": 3,
    "ks_029": 5,
    "ks_030": 6,
    "ks_031": 1,
    "ks_032": 1,
    "ks_033": 5,
    "ks_034": 1,
    "ks_035": 6,
    "ks_036": 2,
    "ks_037": 3,
    "ks_038": 5,
    "ks_039": 3,
    "ks_040": 1,
    "ks_041": 2,
    "ks_042": 3,
    "ks_043": 5,
    "ks_045": 0,
    "ks_046": 2,
    "ks_047": 7,
    "ks_048": 1,
    "ks_049": 0,
    "ks_050": 1,
    "ks_051": 7,
    "ks_052": 7,
    "ks_053": 7,
    "ks_054": 0,
    "ks_055": 4,
    "ks_056": 4,
    "ks_057": 7,
    "ks_058": 2,
    "ks_059": 0,
    "ks_060": 6,
    "ks_061": 4,
    "ks_062": 4,
    "ks_063": 4,
    "ks_064": 4,
    "ks_065": 7,
    "ks_066": 2,
    "ks_067": 2,
    "ks_068": 0,
    "ks_070": 0,
    "ks_071": 2,
    "ks_072": 7,
    "ks_073": 0,
    "ks_074": 7,
    "ks_075": 0,
    "ks_076": 2,
    "ks_077": 2,
    "ks_078": 7,
    "ks_079": 0,
    "ks_080": 6,
    "ks_081": 5,
    "ks_082": 1,
    "ks_083": 6,
    "ks_084": 7,
    "ks_085": 4,
    "ks_086": 3,
    "ks_087": 0,
    "ks_088": 7,
    "ks_089": 6,
    "ks_090": 2,
    "ks_091": 4,
    "ks_092": 7,
    "ks_093": 7,
    "ks_094": 0
  },
  "clusters": [
    {
      "id": 0,
      "label": "Economic Cases for Tenure-Based Forest Restoration",
      "description": "This cluster synthesizes economic analyses and policy frameworks demonstrating how securing land tenure, enabling community rights, and investing in native species restoration create measurable financial and climate benefits across tropical landscapes in India, Brazil, and Latin America.",
      "color": "#166534",
      "centroid_x": 13.50892815223107,
      "centroid_y": 0.2744666716227165,
      "doc_ids": [
        "ks_054",
        "ks_075",
        "ks_004",
        "ks_068",
        "ks_073",
        "ks_045",
        "ks_049",
        "ks_059",
        "ks_070",
        "ks_005",
        "ks_087",
        "ks_079",
        "ks_094"
      ]
    },
    {
      "id": 1,
      "label": "Scaling Farmer-Led Restoration Through Finance and Policy",
      "description": "This cluster documents how African and Latin American countries are using payment-for-ecosystem-services policies, inclusive financing mechanisms, and farmer-centered approaches to scale landscape restoration while generating livelihoods and environmental benefits.",
      "color": "#0c4a6e",
      "centroid_x": 12.586451625823974,
      "centroid_y": -2.544483518600464,
      "doc_ids": [
        "ks_017",
        "ks_032",
        "ks_040",
        "ks_031",
        "ks_022",
        "ks_082",
        "ks_050",
        "ks_048",
        "ks_034",
        "ks_003"
      ]
    },
    {
      "id": 2,
      "label": "Financing and Scaling Landscape Restoration",
      "description": "This cluster represents integrated knowledge on mobilizing public and private capital, designing incentive mechanisms, and implementing practical strategies to finance and scale land and forest restoration at landscape levels globally.",
      "color": "#7c2d12",
      "centroid_x": 13.686688741048178,
      "centroid_y": -1.303316170970599,
      "doc_ids": [
        "ks_076",
        "ks_058",
        "ks_046",
        "ks_013",
        "ks_077",
        "ks_066",
        "ks_001",
        "ks_071",
        "ks_090",
        "ks_067",
        "ks_041",
        "ks_036"
      ]
    },
    {
      "id": 3,
      "label": "Monitoring and Scaling Tree Restoration",
      "description": "This cluster synthesizes methodologies, tools, and frameworks for measuring, mapping, and implementing large-scale forest and tree restoration while centering local partnerships, indigenous land rights, and species-appropriate practices.",
      "color": "#4c1d95",
      "centroid_x": 14.3722487449646,
      "centroid_y": -3.9064884424209594,
      "doc_ids": [
        "ks_019",
        "ks_020",
        "ks_025",
        "ks_042",
        "ks_037",
        "ks_021",
        "ks_086",
        "ks_028",
        "ks_039",
        "ks_023"
      ]
    },
    {
      "id": 4,
      "label": "Climate-Resilient Agriculture and Nature-Based Solutions",
      "description": "This cluster represents knowledge on scaling transformative agricultural adaptation and nature-based solutions to build climate resilience, enhance food security, and sequester carbon across sub-Saharan Africa and beyond, with guidance for policymakers, funders, researchers, and the financial sector.",
      "color": "#065f46",
      "centroid_x": 12.03272585435347,
      "centroid_y": -0.3932913826270537,
      "doc_ids": [
        "ks_002",
        "ks_063",
        "ks_055",
        "ks_009",
        "ks_056",
        "ks_091",
        "ks_012",
        "ks_064",
        "ks_085",
        "ks_062",
        "ks_061"
      ]
    },
    {
      "id": 5,
      "label": "Landscape Restoration Implementation and Policy",
      "description": "This cluster synthesizes knowledge on scaling landscape restoration across Africa through multi-stakeholder coordination, policy alignment, and evidence-based practice while addressing institutional and financial barriers to implementation.",
      "color": "#92400e",
      "centroid_x": 14.803483009338379,
      "centroid_y": -2.3392571210861206,
      "doc_ids": [
        "ks_015",
        "ks_029",
        "ks_033",
        "ks_011",
        "ks_043",
        "ks_038",
        "ks_081",
        "ks_018",
        "ks_016",
        "ks_008"
      ]
    },
    {
      "id": 6,
      "label": "Business Models for Landscape Restoration",
      "description": "This cluster synthesizes emerging evidence that landscape restoration can generate financial returns while delivering environmental and social benefits, profiling restoration enterprises, economic opportunities, and case studies across geographies and business models.",
      "color": "#0f3460",
      "centroid_x": 13.690818266435103,
      "centroid_y": -2.8991273749958384,
      "doc_ids": [
        "ks_060",
        "ks_024",
        "ks_026",
        "ks_027",
        "ks_089",
        "ks_010",
        "ks_035",
        "ks_080",
        "ks_083",
        "ks_014",
        "ks_030"
      ]
    },
    {
      "id": 7,
      "label": "Restoration Planning, Monitoring, and Governance",
      "description": "This cluster represents integrated methodologies and frameworks for assessing restoration opportunities, monitoring progress, selecting analytical tools, and understanding the social networks and stakeholder engagement essential to successful forest and landscape restoration.",
      "color": "#831843",
      "centroid_x": 15.084798685709636,
      "centroid_y": -0.6424980863928795,
      "doc_ids": [
        "ks_074",
        "ks_006",
        "ks_065",
        "ks_072",
        "ks_052",
        "ks_088",
        "ks_053",
        "ks_047",
        "ks_007",
        "ks_051",
        "ks_092",
        "ks_057",
        "ks_093",
        "ks_078",
        "ks_084"
      ]
    }
  ]
}